{
  "project_info": {
    "project_number": "851538904617",
    "project_id": "my-application-28850",
    "storage_bucket": "my-application-28850.appspot.com"
  },
  "client": [
    {
      "client_info": {
        "mobilesdk_app_id": "1:851538904617:android:f39423478a4f9ab6963e38",
        "android_client_info": {
          "package_name": "com.example.myapplication"
        }
      },
      "oauth_client": [],
      "api_key": [
        {
          "current_key": "AIzaSyC9edq1ps7Br3cmNt4LRwiyCVRd2MLdPiw"
        }
      ],
      "services": {
        "appinvite_service": {
          "other_platform_oauth_client": []
        }
      }
    }
  ],
  "configuration_version": "1"
}